name,iterations,real_time,cpu_time,time_unit,bytes_per_second,items_per_second,label,error_occurred,error_message,"pop_count","push_count"
"MpmcBenchmark<BoostAdapter<int>>/threads:2",3514256,89.1249,178.245,ns,,,,,,1.26896e+06,1.75713e+06
"MpmcBenchmark<BoostAdapter<int>>/threads:4",1784612,109.092,436.347,ns,,,,,,552292,892306
"MpmcBenchmark<BoostAdapter<int>>/threads:6",1476864,82.4876,494.805,ns,,,,,,407523,738432
"MpmcBenchmark<BoostAdapter<int>>/threads:8",831848,94.8518,755.937,ns,,,,,,234265,415924
"MpmcBenchmark<BoostAdapter<int>>/threads:10",1179160,117.675,1175.32,ns,,,,,,420213,589580
"MpmcBenchmark<BoostAdapter<int>>/threads:12",945972,92.1699,1081.88,ns,,,,,,225743,472986
"MpmcBenchmark<BoostAdapter<int>>/threads:14",779492,97.4498,1285.05,ns,,,,,,201572,389746
"MpmcBenchmark<BoostAdapter<int>>/threads:16",537824,78.8319,1235.32,ns,,,,,,142290,268912
"MpmcBenchmark<BoostAdapter<int>>/threads:18",761922,70.2586,1220.26,ns,,,,,,228596,380961
"MpmcBenchmark<BoostAdapter<int>>/threads:20",808180,68.5859,1221.65,ns,,,,,,278498,404090
"MpmcBenchmark<BoostAdapter<int>>/threads:22",709280,57.3888,1202.5,ns,,,,,,240493,354640
"MpmcBenchmark<BoostAdapter<int>>/threads:24",727320,70.5101,1421.38,ns,,,,,,235973,363660
"MpmcBenchmark<BoostAdapter<int>>/threads:26",779480,52.6274,1311.99,ns,,,,,,287377,389740
"MpmcBenchmark<BoostAdapter<int>>/threads:28",666428,60.532,1458.41,ns,,,,,,230056,333214
"MpmcBenchmark<BoostAdapter<int>>/threads:30",658380,49.3877,1372.79,ns,,,,,,255890,329190
"MpmcBenchmark<BoostAdapter<int>>/threads:32",635712,44.6326,1352.52,ns,,,,,,247939,317856
"MpmcBenchmark<CasQueue<int>>/threads:2",7721034,97.7977,195.589,ns,,,,,,3.17443e+06,3.86052e+06
"MpmcBenchmark<CasQueue<int>>/threads:4",1885724,171.953,687.79,ns,,,,,,942683,942862
"MpmcBenchmark<CasQueue<int>>/threads:6",1299990,137.712,826.173,ns,,,,,,510925,649995
"MpmcBenchmark<CasQueue<int>>/threads:8",476856,225.731,1805.32,ns,,,,,,233547,238428
"MpmcBenchmark<CasQueue<int>>/threads:10",817680,140.352,1402.08,ns,,,,,,233318,408840
"MpmcBenchmark<CasQueue<int>>/threads:12",432216,130.659,1565.66,ns,,,,,,93904,216108
"MpmcBenchmark<CasQueue<int>>/threads:14",338604,167.052,2245.02,ns,,,,,,131423,169302
"MpmcBenchmark<CasQueue<int>>/threads:16",314144,211.691,3055.31,ns,,,,,,143783,157072
"MpmcBenchmark<CasQueue<int>>/threads:18",460476,177.916,2914.28,ns,,,,,,173560,230238
"MpmcBenchmark<CasQueue<int>>/threads:20",364300,132.921,2498.89,ns,,,,,,102954,182150
"MpmcBenchmark<CasQueue<int>>/threads:22",220000,130.03,2774.06,ns,,,,,,93299,110000
"MpmcBenchmark<CasQueue<int>>/threads:24",372408,114.009,2434.14,ns,,,,,,109743,186204
"MpmcBenchmark<CasQueue<int>>/threads:26",260000,119.113,2956.2,ns,,,,,,114624,130000
"MpmcBenchmark<CasQueue<int>>/threads:28",280000,92.5789,2467.44,ns,,,,,,107250,140000
"MpmcBenchmark<CasQueue<int>>/threads:30",300000,91.9042,2649.03,ns,,,,,,109022,150000
"MpmcBenchmark<CasQueue<int>>/threads:32",320000,103.58,2713.62,ns,,,,,,133591,160000
"MpmcBenchmark<FineLockQueue<int>>/threads:2",8093108,49.3672,91.3244,ns,,,,,,4.0464e+06,4.04655e+06
"MpmcBenchmark<FineLockQueue<int>>/threads:4",1394380,151.989,588.6,ns,,,,,,696409,697190
"MpmcBenchmark<FineLockQueue<int>>/threads:6",876000,129.243,706.343,ns,,,,,,437780,438000
"MpmcBenchmark<FineLockQueue<int>>/threads:8",630208,164.555,1183.28,ns,,,,,,314815,315104
"MpmcBenchmark<FineLockQueue<int>>/threads:10",556920,175.727,1535.34,ns,,,,,,278176,278460
"MpmcBenchmark<FineLockQueue<int>>/threads:12",427380,181.117,1697.5,ns,,,,,,213523,213690
"MpmcBenchmark<FineLockQueue<int>>/threads:14",437444,182.9,1986.25,ns,,,,,,218440,218722
"MpmcBenchmark<FineLockQueue<int>>/threads:16",385728,173.489,1944.9,ns,,,,,,192589,192864
"MpmcBenchmark<FineLockQueue<int>>/threads:18",403344,179.263,2183.34,ns,,,,,,201428,201672
"MpmcBenchmark<FineLockQueue<int>>/threads:20",346760,170.668,2023.05,ns,,,,,,173094,173380
"MpmcBenchmark<FineLockQueue<int>>/threads:22",349228,183.462,2521.41,ns,,,,,,174319,174614
"MpmcBenchmark<FineLockQueue<int>>/threads:24",240000,176.219,2404.67,ns,,,,,,119746,120000
"MpmcBenchmark<FineLockQueue<int>>/threads:26",260000,162.847,2182.52,ns,,,,,,129713,130000
"MpmcBenchmark<FineLockQueue<int>>/threads:28",382788,165.509,2577.87,ns,,,,,,191133,191394
"MpmcBenchmark<FineLockQueue<int>>/threads:30",220050,195.756,3323.65,ns,,,,,,109762,110025
"MpmcBenchmark<FineLockQueue<int>>/threads:32",329024,192.228,3093.47,ns,,,,,,163291,164512
"MpmcBenchmark<LockQueue<int>>/threads:2",1995012,186.847,359.818,ns,,,,,,997257,997506
"MpmcBenchmark<LockQueue<int>>/threads:4",882472,224.656,806.821,ns,,,,,,440780,441236
"MpmcBenchmark<LockQueue<int>>/threads:6",402096,332.316,1772.91,ns,,,,,,200809,201048
"MpmcBenchmark<LockQueue<int>>/threads:8",266392,372.289,2628.59,ns,,,,,,132944,133196
"MpmcBenchmark<LockQueue<int>>/threads:10",252310,376.374,3141.7,ns,,,,,,125936,126155
"MpmcBenchmark<LockQueue<int>>/threads:12",204696,371.509,3255.09,ns,,,,,,102074,102348
"MpmcBenchmark<LockQueue<int>>/threads:14",140000,375.342,3712.51,ns,,,,,,69788,70000
"MpmcBenchmark<LockQueue<int>>/threads:16",208640,386.656,3898.17,ns,,,,,,104091,104320
"MpmcBenchmark<LockQueue<int>>/threads:18",235656,392.762,3910.67,ns,,,,,,117622,117828
"MpmcBenchmark<LockQueue<int>>/threads:20",232940,391.054,4150.39,ns,,,,,,116181,116470
"MpmcBenchmark<LockQueue<int>>/threads:22",213136,389.276,4107.75,ns,,,,,,106323,106568
"MpmcBenchmark<LockQueue<int>>/threads:24",250008,391.101,4447.42,ns,,,,,,123646,125004
"MpmcBenchmark<LockQueue<int>>/threads:26",242060,390.587,4771.94,ns,,,,,,120767,121030
"MpmcBenchmark<LockQueue<int>>/threads:28",225372,381.775,4820.14,ns,,,,,,111450,112686
"MpmcBenchmark<LockQueue<int>>/threads:30",237900,389.051,4703.21,ns,,,,,,118685,118950
"MpmcBenchmark<LockQueue<int>>/threads:32",205888,385.18,4567.7,ns,,,,,,102720,102944
"MpmcBenchmark<RtmQueue<int>>/threads:2",7737144,51.4078,95.2648,ns,,,,,,3.8684e+06,3.86857e+06
"MpmcBenchmark<RtmQueue<int>>/threads:4",1259980,107.259,417.944,ns,,,,,,629065,629990
"MpmcBenchmark<RtmQueue<int>>/threads:6",1226334,103.228,592.731,ns,,,,,,565430,613167
"MpmcBenchmark<RtmQueue<int>>/threads:8",859440,118.042,891.17,ns,,,,,,428490,429720
"MpmcBenchmark<RtmQueue<int>>/threads:10",804570,129.145,1166.5,ns,,,,,,401047,402285
"MpmcBenchmark<RtmQueue<int>>/threads:12",698424,126.13,1110.96,ns,,,,,,347998,349212
"MpmcBenchmark<RtmQueue<int>>/threads:14",776384,139.374,1464.99,ns,,,,,,385822,388192
"MpmcBenchmark<RtmQueue<int>>/threads:16",713312,127.172,1321.82,ns,,,,,,355559,356656
"MpmcBenchmark<RtmQueue<int>>/threads:18",660222,120.665,1214.98,ns,,,,,,329046,330111
"MpmcBenchmark<RtmQueue<int>>/threads:20",748120,127.402,1417.99,ns,,,,,,372949,374060
"MpmcBenchmark<RtmQueue<int>>/threads:22",635404,123.559,1355.04,ns,,,,,,316533,317702
"MpmcBenchmark<RtmQueue<int>>/threads:24",629040,125.028,1381.81,ns,,,,,,312393,314520
"MpmcBenchmark<RtmQueue<int>>/threads:26",625690,126.456,1468.83,ns,,,,,,311753,312845
"MpmcBenchmark<RtmQueue<int>>/threads:28",620088,124.23,1465.34,ns,,,,,,307932,310044
"MpmcBenchmark<RtmQueue<int>>/threads:30",637020,126.423,1538.33,ns,,,,,,317437,318510
"MpmcBenchmark<RtmQueue<int>>/threads:32",596480,122.149,1371.26,ns,,,,,,297125,298240
